"Code département";"Libellé département";"Code commune";"Libellé commune";"Code BV";Inscrits;Votants;"% Votants";Abstentions;"% Abstentions";Exprimés;"% Exprimés/inscrits";"% Exprimés/votants";Blancs;"% Blancs/inscrits";"% Blancs/votants";Nuls;"% Nuls/inscrits";"% Nuls/votants";"Numéro de panneau 1";"Nuance candidat 1";"Nom candidat 1";"Prénom candidat 1";"Sexe candidat 1";"Voix 1";"% Voix/inscrits 1";"% Voix/exprimés 1";"Elu 1";"Numéro de panneau 2";"Nuance candidat 2";"Nom candidat 2";"Prénom candidat 2";"Sexe candidat 2";"Voix 2";"% Voix/inscrits 2";"% Voix/exprimés 2";"Elu 2";"Numéro de panneau 3";"Nuance candidat 3";"Nom candidat 3";"Prénom candidat 3";"Sexe candidat 3";"Voix 3";"% Voix/inscrits 3";"% Voix/exprimés 3";"Elu 3";"Numéro de panneau 4";"Nuance candidat 4";"Nom candidat 4";"Prénom candidat 4";"Sexe candidat 4";"Voix 4";"% Voix/inscrits 4";"% Voix/exprimés 4";"Elu 4"
"29";Finistère;"29011";Bohars;"0001";997;779;"78,13%";218;"21,87%";770;"77,23%";"98,84%";5;"0,50%";"0,64%";4;"0,40%";"0,51%";3;DVC;LARSONNEUR;"Jean-Charles";MASCULIN;363;"36,41%";"47,14%";;7;UG;CADALEN;"Pierre-Yves";MASCULIN;260;"26,08%";"33,77%";élu;8;RN;KERVELLA;Denis;MASCULIN;147;"14,74%";"19,09%";;;;;;;;;;
"29";Finistère;"29011";Bohars;"0002";894;701;"78,41%";193;"21,59%";689;"77,07%";"98,29%";12;"1,34%";"1,71%";0;"0,00%";"0,00%";3;DVC;LARSONNEUR;"Jean-Charles";MASCULIN;360;"40,27%";"52,25%";;7;UG;CADALEN;"Pierre-Yves";MASCULIN;174;"19,46%";"25,25%";élu;8;RN;KERVELLA;Denis;MASCULIN;155;"17,34%";"22,50%";;;;;;;;;;
"29";Finistère;"29011";Bohars;"0003";927;712;"76,81%";215;"23,19%";703;"75,84%";"98,74%";8;"0,86%";"1,12%";1;"0,11%";"0,14%";3;DVC;LARSONNEUR;"Jean-Charles";MASCULIN;352;"37,97%";"50,07%";;7;UG;CADALEN;"Pierre-Yves";MASCULIN;176;"18,99%";"25,04%";élu;8;RN;KERVELLA;Denis;MASCULIN;175;"18,88%";"24,89%";;;;;;;;;;
"29";Finistère;"29015";"Bourg-Blanc";"0001";1114;859;"77,11%";255;"22,89%";811;"72,80%";"94,41%";36;"3,23%";"4,19%";12;"1,08%";"1,40%";2;ENS;"LE GAC";Didier;MASCULIN;540;"48,47%";"66,58%";élu;3;RN;DONVAL;Martine;FEMININ;271;"24,33%";"33,42%";;;;;;;;;;;;;;;;;;;
"29";Finistère;"29015";"Bourg-Blanc";"0002";1306;1016;"77,79%";290;"22,21%";977;"74,81%";"96,16%";29;"2,22%";"2,85%";10;"0,77%";"0,98%";2;ENS;"LE GAC";Didier;MASCULIN;628;"48,09%";"64,28%";élu;3;RN;DONVAL;Martine;FEMININ;349;"26,72%";"35,72%";;;;;;;;;;;;;;;;;;;
"29";Finistère;"29017";Brélès;"0001";717;557;"77,68%";160;"22,32%";522;"72,80%";"93,72%";30;"4,18%";"5,39%";5;"0,70%";"0,90%";2;ENS;"LE GAC";Didier;MASCULIN;359;"50,07%";"68,77%";élu;3;RN;DONVAL;Martine;FEMININ;163;"22,73%";"31,23%";;;;;;;;;;;;;;;;;;;
"29";Finistère;"29019";Brest;"0001";911;651;"71,46%";260;"28,54%";611;"67,07%";"93,86%";40;"4,39%";"6,14%";0;"0,00%";"0,00%";2;ENS;"LE GAC";Didier;MASCULIN;450;"49,40%";"73,65%";élu;3;RN;DONVAL;Martine;FEMININ;161;"17,67%";"26,35%";;;;;;;;;;;;;;;;;;;
"29";Finistère;"29019";Brest;"0002";902;669;"74,17%";233;"25,83%";629;"69,73%";"94,02%";40;"4,43%";"5,98%";0;"0,00%";"0,00%";2;ENS;"LE GAC";Didier;MASCULIN;431;"47,78%";"68,52%";élu;3;RN;DONVAL;Martine;FEMININ;198;"21,95%";"31,48%";;;;;;;;;;;;;;;;;;;
"29";Finistère;"29019";Brest;"0003";879;631;"71,79%";248;"28,21%";592;"67,35%";"93,82%";39;"4,44%";"6,18%";0;"0,00%";"0,00%";2;ENS;"LE GAC";Didier;MASCULIN;432;"49,15%";"72,97%";élu;3;RN;DONVAL;Martine;FEMININ;160;"18,20%";"27,03%";;;;;;;;;;;;;;;;;;;
"29";Finistère;"29019";Brest;"0004";896;609;"67,97%";287;"32,03%";567;"63,28%";"93,10%";42;"4,69%";"6,90%";0;"0,00%";"0,00%";2;ENS;"LE GAC";Didier;MASCULIN;411;"45,87%";"72,49%";élu;3;RN;DONVAL;Martine;FEMININ;156;"17,41%";"27,51%";;;;;;;;;;;;;;;;;;;
"29";Finistère;"29019";Brest;"0005";990;700;"70,71%";290;"29,29%";642;"64,85%";"91,71%";58;"5,86%";"8,29%";0;"0,00%";"0,00%";2;ENS;"LE GAC";Didier;MASCULIN;452;"45,66%";"70,40%";élu;3;RN;DONVAL;Martine;FEMININ;190;"19,19%";"29,60%";;;;;;;;;;;;;;;;;;;
"29";Finistère;"29019";Brest;"0006";848;527;"62,15%";321;"37,85%";480;"56,60%";"91,08%";47;"5,54%";"8,92%";0;"0,00%";"0,00%";2;ENS;"LE GAC";Didier;MASCULIN;301;"35,50%";"62,71%";élu;3;RN;DONVAL;Martine;FEMININ;179;"21,11%";"37,29%";;;;;;;;;;;;;;;;;;;
"29";Finistère;"29019";Brest;"0007";738;407;"55,15%";331;"44,85%";373;"50,54%";"91,65%";34;"4,61%";"8,35%";0;"0,00%";"0,00%";2;ENS;"LE GAC";Didier;MASCULIN;232;"31,44%";"62,20%";élu;3;RN;DONVAL;Martine;FEMININ;141;"19,11%";"37,80%";;;;;;;;;;;;;;;;;;;
"29";Finistère;"29019";Brest;"0008";868;561;"64,63%";307;"35,37%";527;"60,71%";"93,94%";34;"3,92%";"6,06%";0;"0,00%";"0,00%";2;ENS;"LE GAC";Didier;MASCULIN;345;"39,75%";"65,46%";élu;3;RN;DONVAL;Martine;FEMININ;182;"20,97%";"34,54%";;;;;;;;;;;;;;;;;;;
"29";Finistère;"29019";Brest;"0009";867;542;"62,51%";325;"37,49%";507;"58,48%";"93,54%";35;"4,04%";"6,46%";0;"0,00%";"0,00%";2;ENS;"LE GAC";Didier;MASCULIN;327;"37,72%";"64,50%";élu;3;RN;DONVAL;Martine;FEMININ;180;"20,76%";"35,50%";;;;;;;;;;;;;;;;;;;
"29";Finistère;"29019";Brest;"0010";849;562;"66,20%";287;"33,80%";499;"58,78%";"88,79%";63;"7,42%";"11,21%";0;"0,00%";"0,00%";2;ENS;"LE GAC";Didier;MASCULIN;343;"40,40%";"68,74%";élu;3;RN;DONVAL;Martine;FEMININ;156;"18,37%";"31,26%";;;;;;;;;;;;;;;;;;;
"29";Finistère;"29019";Brest;"0011";999;614;"61,46%";385;"38,54%";578;"57,86%";"94,14%";36;"3,60%";"5,86%";0;"0,00%";"0,00%";2;ENS;"LE GAC";Didier;MASCULIN;336;"33,63%";"58,13%";élu;3;RN;DONVAL;Martine;FEMININ;242;"24,22%";"41,87%";;;;;;;;;;;;;;;;;;;
"29";Finistère;"29019";Brest;"0012";824;585;"71,00%";239;"29,00%";537;"65,17%";"91,79%";48;"5,83%";"8,21%";0;"0,00%";"0,00%";2;ENS;"LE GAC";Didier;MASCULIN;379;"46,00%";"70,58%";élu;3;RN;DONVAL;Martine;FEMININ;158;"19,17%";"29,42%";;;;;;;;;;;;;;;;;;;
"29";Finistère;"29019";Brest;"0013";840;492;"58,57%";348;"41,43%";455;"54,17%";"92,48%";37;"4,40%";"7,52%";0;"0,00%";"0,00%";2;ENS;"LE GAC";Didier;MASCULIN;286;"34,05%";"62,86%";élu;3;RN;DONVAL;Martine;FEMININ;169;"20,12%";"37,14%";;;;;;;;;;;;;;;;;;;
"29";Finistère;"29019";Brest;"0014";799;583;"72,97%";216;"27,03%";542;"67,83%";"92,97%";41;"5,13%";"7,03%";0;"0,00%";"0,00%";2;ENS;"LE GAC";Didier;MASCULIN;385;"48,19%";"71,03%";élu;3;RN;DONVAL;Martine;FEMININ;157;"19,65%";"28,97%";;;;;;;;;;;;;;;;;;;
"29";Finistère;"29019";Brest;"0015";870;614;"70,57%";256;"29,43%";571;"65,63%";"93,00%";43;"4,94%";"7,00%";0;"0,00%";"0,00%";2;ENS;"LE GAC";Didier;MASCULIN;428;"49,20%";"74,96%";élu;3;RN;DONVAL;Martine;FEMININ;143;"16,44%";"25,04%";;;;;;;;;;;;;;;;;;;
"29";Finistère;"29019";Brest;"0016";727;477;"65,61%";250;"34,39%";445;"61,21%";"93,29%";32;"4,40%";"6,71%";0;"0,00%";"0,00%";2;ENS;"LE GAC";Didier;MASCULIN;320;"44,02%";"71,91%";élu;3;RN;DONVAL;Martine;FEMININ;125;"17,19%";"28,09%";;;;;;;;;;;;;;;;;;;
"29";Finistère;"29019";Brest;"0017";799;550;"68,84%";249;"31,16%";508;"63,58%";"92,36%";42;"5,26%";"7,64%";0;"0,00%";"0,00%";2;ENS;"LE GAC";Didier;MASCULIN;378;"47,31%";"74,41%";élu;3;RN;DONVAL;Martine;FEMININ;130;"16,27%";"25,59%";;;;;;;;;;;;;;;;;;;
"29";Finistère;"29019";Brest;"0018";704;429;"60,94%";275;"39,06%";394;"55,97%";"91,84%";35;"4,97%";"8,16%";0;"0,00%";"0,00%";2;ENS;"LE GAC";Didier;MASCULIN;269;"38,21%";"68,27%";élu;3;RN;DONVAL;Martine;FEMININ;125;"17,76%";"31,73%";;;;;;;;;;;;;;;;;;;
"29";Finistère;"29019";Brest;"0019";923;599;"64,90%";324;"35,10%";555;"60,13%";"92,65%";44;"4,77%";"7,35%";0;"0,00%";"0,00%";2;ENS;"LE GAC";Didier;MASCULIN;409;"44,31%";"73,69%";élu;3;RN;DONVAL;Martine;FEMININ;146;"15,82%";"26,31%";;;;;;;;;;;;;;;;;;;
"29";Finistère;"29019";Brest;"0020";777;517;"66,54%";260;"33,46%";473;"60,88%";"91,49%";44;"5,66%";"8,51%";0;"0,00%";"0,00%";2;ENS;"LE GAC";Didier;MASCULIN;349;"44,92%";"73,78%";élu;3;RN;DONVAL;Martine;FEMININ;124;"15,96%";"26,22%";;;;;;;;;;;;;;;;;;;
"29";Finistère;"29019";Brest;"0021";827;519;"62,76%";308;"37,24%";466;"56,35%";"89,79%";53;"6,41%";"10,21%";0;"0,00%";"0,00%";2;ENS;"LE GAC";Didier;MASCULIN;345;"41,72%";"74,03%";élu;3;RN;DONVAL;Martine;FEMININ;121;"14,63%";"25,97%";;;;;;;;;;;;;;;;;;;
"29";Finistère;"29019";Brest;"0022";851;517;"60,75%";334;"39,25%";463;"54,41%";"89,56%";54;"6,35%";"10,44%";0;"0,00%";"0,00%";2;ENS;"LE GAC";Didier;MASCULIN;344;"40,42%";"74,30%";élu;3;RN;DONVAL;Martine;FEMININ;119;"13,98%";"25,70%";;;;;;;;;;;;;;;;;;;
"29";Finistère;"29019";Brest;"0023";636;409;"64,31%";227;"35,69%";371;"58,33%";"90,71%";38;"5,97%";"9,29%";0;"0,00%";"0,00%";2;ENS;"LE GAC";Didier;MASCULIN;252;"39,62%";"67,92%";élu;3;RN;DONVAL;Martine;FEMININ;119;"18,71%";"32,08%";;;;;;;;;;;;;;;;;;;
"29";Finistère;"29019";Brest;"0024";820;549;"66,95%";271;"33,05%";497;"60,61%";"90,53%";52;"6,34%";"9,47%";0;"0,00%";"0,00%";2;ENS;"LE GAC";Didier;MASCULIN;359;"43,78%";"72,23%";élu;3;RN;DONVAL;Martine;FEMININ;138;"16,83%";"27,77%";;;;;;;;;;;;;;;;;;;
"29";Finistère;"29019";Brest;"0025";857;578;"67,44%";279;"32,56%";516;"60,21%";"89,27%";62;"7,23%";"10,73%";0;"0,00%";"0,00%";2;ENS;"LE GAC";Didier;MASCULIN;368;"42,94%";"71,32%";élu;3;RN;DONVAL;Martine;FEMININ;148;"17,27%";"28,68%";;;;;;;;;;;;;;;;;;;
"29";Finistère;"29019";Brest;"0026";843;494;"58,60%";349;"41,40%";427;"50,65%";"86,44%";67;"7,95%";"13,56%";0;"0,00%";"0,00%";2;ENS;"LE GAC";Didier;MASCULIN;284;"33,69%";"66,51%";élu;3;RN;DONVAL;Martine;FEMININ;143;"16,96%";"33,49%";;;;;;;;;;;;;;;;;;;
"29";Finistère;"29019";Brest;"0027";843;602;"71,41%";241;"28,59%";588;"69,75%";"97,67%";14;"1,66%";"2,33%";0;"0,00%";"0,00%";3;DVC;LARSONNEUR;"Jean-Charles";MASCULIN;265;"31,44%";"45,07%";;7;UG;CADALEN;"Pierre-Yves";MASCULIN;224;"26,57%";"38,10%";élu;8;RN;KERVELLA;Denis;MASCULIN;99;"11,74%";"16,84%";;;;;;;;;;
"29";Finistère;"29019";Brest;"0028";895;652;"72,85%";243;"27,15%";636;"71,06%";"97,55%";16;"1,79%";"2,45%";0;"0,00%";"0,00%";3;DVC;LARSONNEUR;"Jean-Charles";MASCULIN;237;"26,48%";"37,26%";;7;UG;CADALEN;"Pierre-Yves";MASCULIN;278;"31,06%";"43,71%";élu;8;RN;KERVELLA;Denis;MASCULIN;121;"13,52%";"19,03%";;;;;;;;;;
"29";Finistère;"29019";Brest;"0029";896;649;"72,43%";247;"27,57%";641;"71,54%";"98,77%";8;"0,89%";"1,23%";0;"0,00%";"0,00%";3;DVC;LARSONNEUR;"Jean-Charles";MASCULIN;207;"23,10%";"32,29%";;7;UG;CADALEN;"Pierre-Yves";MASCULIN;338;"37,72%";"52,73%";élu;8;RN;KERVELLA;Denis;MASCULIN;96;"10,71%";"14,98%";;;;;;;;;;
"29";Finistère;"29019";Brest;"0030";907;673;"74,20%";234;"25,80%";660;"72,77%";"98,07%";13;"1,43%";"1,93%";0;"0,00%";"0,00%";3;DVC;LARSONNEUR;"Jean-Charles";MASCULIN;232;"25,58%";"35,15%";;7;UG;CADALEN;"Pierre-Yves";MASCULIN;331;"36,49%";"50,15%";élu;8;RN;KERVELLA;Denis;MASCULIN;97;"10,69%";"14,70%";;;;;;;;;;
"29";Finistère;"29019";Brest;"0031";918;689;"75,05%";229;"24,95%";677;"73,75%";"98,26%";12;"1,31%";"1,74%";0;"0,00%";"0,00%";3;DVC;LARSONNEUR;"Jean-Charles";MASCULIN;229;"24,95%";"33,83%";;7;UG;CADALEN;"Pierre-Yves";MASCULIN;312;"33,99%";"46,09%";élu;8;RN;KERVELLA;Denis;MASCULIN;136;"14,81%";"20,09%";;;;;;;;;;
"29";Finistère;"29019";Brest;"0032";969;757;"78,12%";212;"21,88%";748;"77,19%";"98,81%";9;"0,93%";"1,19%";0;"0,00%";"0,00%";3;DVC;LARSONNEUR;"Jean-Charles";MASCULIN;284;"29,31%";"37,97%";;7;UG;CADALEN;"Pierre-Yves";MASCULIN;320;"33,02%";"42,78%";élu;8;RN;KERVELLA;Denis;MASCULIN;144;"14,86%";"19,25%";;;;;;;;;;
"29";Finistère;"29019";Brest;"0033";852;647;"75,94%";205;"24,06%";640;"75,12%";"98,92%";7;"0,82%";"1,08%";0;"0,00%";"0,00%";3;DVC;LARSONNEUR;"Jean-Charles";MASCULIN;302;"35,45%";"47,19%";;7;UG;CADALEN;"Pierre-Yves";MASCULIN;217;"25,47%";"33,91%";élu;8;RN;KERVELLA;Denis;MASCULIN;121;"14,20%";"18,91%";;;;;;;;;;
"29";Finistère;"29019";Brest;"0034";761;614;"80,68%";147;"19,32%";608;"79,89%";"99,02%";6;"0,79%";"0,98%";0;"0,00%";"0,00%";3;DVC;LARSONNEUR;"Jean-Charles";MASCULIN;225;"29,57%";"37,01%";;7;UG;CADALEN;"Pierre-Yves";MASCULIN;303;"39,82%";"49,84%";élu;8;RN;KERVELLA;Denis;MASCULIN;80;"10,51%";"13,16%";;;;;;;;;;
"29";Finistère;"29019";Brest;"0035";803;599;"74,60%";204;"25,40%";590;"73,47%";"98,50%";9;"1,12%";"1,50%";0;"0,00%";"0,00%";3;DVC;LARSONNEUR;"Jean-Charles";MASCULIN;167;"20,80%";"28,31%";;7;UG;CADALEN;"Pierre-Yves";MASCULIN;326;"40,60%";"55,25%";élu;8;RN;KERVELLA;Denis;MASCULIN;97;"12,08%";"16,44%";;;;;;;;;;
"29";Finistère;"29019";Brest;"0036";834;591;"70,86%";243;"29,14%";582;"69,78%";"98,48%";9;"1,08%";"1,52%";0;"0,00%";"0,00%";3;DVC;LARSONNEUR;"Jean-Charles";MASCULIN;168;"20,14%";"28,87%";;7;UG;CADALEN;"Pierre-Yves";MASCULIN;318;"38,13%";"54,64%";élu;8;RN;KERVELLA;Denis;MASCULIN;96;"11,51%";"16,49%";;;;;;;;;;
"29";Finistère;"29019";Brest;"0037";767;587;"76,53%";180;"23,47%";583;"76,01%";"99,32%";4;"0,52%";"0,68%";0;"0,00%";"0,00%";3;DVC;LARSONNEUR;"Jean-Charles";MASCULIN;200;"26,08%";"34,31%";;7;UG;CADALEN;"Pierre-Yves";MASCULIN;290;"37,81%";"49,74%";élu;8;RN;KERVELLA;Denis;MASCULIN;93;"12,13%";"15,95%";;;;;;;;;;
"29";Finistère;"29019";Brest;"0038";812;639;"78,69%";173;"21,31%";633;"77,96%";"99,06%";6;"0,74%";"0,94%";0;"0,00%";"0,00%";3;DVC;LARSONNEUR;"Jean-Charles";MASCULIN;207;"25,49%";"32,70%";;7;UG;CADALEN;"Pierre-Yves";MASCULIN;349;"42,98%";"55,13%";élu;8;RN;KERVELLA;Denis;MASCULIN;77;"9,48%";"12,16%";;;;;;;;;;
"29";Finistère;"29019";Brest;"0039";900;682;"75,78%";218;"24,22%";676;"75,11%";"99,12%";6;"0,67%";"0,88%";0;"0,00%";"0,00%";3;DVC;LARSONNEUR;"Jean-Charles";MASCULIN;200;"22,22%";"29,59%";;7;UG;CADALEN;"Pierre-Yves";MASCULIN;388;"43,11%";"57,40%";élu;8;RN;KERVELLA;Denis;MASCULIN;88;"9,78%";"13,02%";;;;;;;;;;
"29";Finistère;"29019";Brest;"0040";896;667;"74,44%";229;"25,56%";660;"73,66%";"98,95%";7;"0,78%";"1,05%";0;"0,00%";"0,00%";3;DVC;LARSONNEUR;"Jean-Charles";MASCULIN;144;"16,07%";"21,82%";;7;UG;CADALEN;"Pierre-Yves";MASCULIN;443;"49,44%";"67,12%";élu;8;RN;KERVELLA;Denis;MASCULIN;73;"8,15%";"11,06%";;;;;;;;;;
"29";Finistère;"29019";Brest;"0041";871;667;"76,58%";204;"23,42%";661;"75,89%";"99,10%";6;"0,69%";"0,90%";0;"0,00%";"0,00%";3;DVC;LARSONNEUR;"Jean-Charles";MASCULIN;181;"20,78%";"27,38%";;7;UG;CADALEN;"Pierre-Yves";MASCULIN;379;"43,51%";"57,34%";élu;8;RN;KERVELLA;Denis;MASCULIN;101;"11,60%";"15,28%";;;;;;;;;;
"29";Finistère;"29019";Brest;"0042";810;564;"69,63%";246;"30,37%";560;"69,14%";"99,29%";4;"0,49%";"0,71%";0;"0,00%";"0,00%";3;DVC;LARSONNEUR;"Jean-Charles";MASCULIN;154;"19,01%";"27,50%";;7;UG;CADALEN;"Pierre-Yves";MASCULIN;325;"40,12%";"58,04%";élu;8;RN;KERVELLA;Denis;MASCULIN;81;"10,00%";"14,46%";;;;;;;;;;
"29";Finistère;"29019";Brest;"0043";931;648;"69,60%";283;"30,40%";639;"68,64%";"98,61%";9;"0,97%";"1,39%";0;"0,00%";"0,00%";3;DVC;LARSONNEUR;"Jean-Charles";MASCULIN;161;"17,29%";"25,20%";;7;UG;CADALEN;"Pierre-Yves";MASCULIN;350;"37,59%";"54,77%";élu;8;RN;KERVELLA;Denis;MASCULIN;128;"13,75%";"20,03%";;;;;;;;;;
"29";Finistère;"29019";Brest;"0044";792;566;"71,46%";226;"28,54%";556;"70,20%";"98,23%";10;"1,26%";"1,77%";0;"0,00%";"0,00%";3;DVC;LARSONNEUR;"Jean-Charles";MASCULIN;171;"21,59%";"30,76%";;7;UG;CADALEN;"Pierre-Yves";MASCULIN;282;"35,61%";"50,72%";élu;8;RN;KERVELLA;Denis;MASCULIN;103;"13,01%";"18,53%";;;;;;;;;;
"29";Finistère;"29019";Brest;"0045";771;546;"70,82%";225;"29,18%";539;"69,91%";"98,72%";7;"0,91%";"1,28%";0;"0,00%";"0,00%";3;DVC;LARSONNEUR;"Jean-Charles";MASCULIN;215;"27,89%";"39,89%";;7;UG;CADALEN;"Pierre-Yves";MASCULIN;226;"29,31%";"41,93%";élu;8;RN;KERVELLA;Denis;MASCULIN;98;"12,71%";"18,18%";;;;;;;;;;
"29";Finistère;"29019";Brest;"0046";822;622;"75,67%";200;"24,33%";612;"74,45%";"98,39%";10;"1,22%";"1,61%";0;"0,00%";"0,00%";3;DVC;LARSONNEUR;"Jean-Charles";MASCULIN;272;"33,09%";"44,44%";;7;UG;CADALEN;"Pierre-Yves";MASCULIN;255;"31,02%";"41,67%";élu;8;RN;KERVELLA;Denis;MASCULIN;85;"10,34%";"13,89%";;;;;;;;;;
"29";Finistère;"29019";Brest;"0047";750;476;"63,47%";274;"36,53%";469;"62,53%";"98,53%";7;"0,93%";"1,47%";0;"0,00%";"0,00%";3;DVC;LARSONNEUR;"Jean-Charles";MASCULIN;113;"15,07%";"24,09%";;7;UG;CADALEN;"Pierre-Yves";MASCULIN;226;"30,13%";"48,19%";élu;8;RN;KERVELLA;Denis;MASCULIN;130;"17,33%";"27,72%";;;;;;;;;;
"29";Finistère;"29019";Brest;"0048";808;616;"76,24%";192;"23,76%";601;"74,38%";"97,56%";15;"1,86%";"2,44%";0;"0,00%";"0,00%";3;DVC;LARSONNEUR;"Jean-Charles";MASCULIN;233;"28,84%";"38,77%";;7;UG;CADALEN;"Pierre-Yves";MASCULIN;287;"35,52%";"47,75%";élu;8;RN;KERVELLA;Denis;MASCULIN;81;"10,02%";"13,48%";;;;;;;;;;
"29";Finistère;"29019";Brest;"0049";802;622;"77,56%";180;"22,44%";608;"75,81%";"97,75%";14;"1,75%";"2,25%";0;"0,00%";"0,00%";3;DVC;LARSONNEUR;"Jean-Charles";MASCULIN;250;"31,17%";"41,12%";;7;UG;CADALEN;"Pierre-Yves";MASCULIN;269;"33,54%";"44,24%";élu;8;RN;KERVELLA;Denis;MASCULIN;89;"11,10%";"14,64%";;;;;;;;;;
"29";Finistère;"29019";Brest;"0050";800;595;"74,38%";205;"25,62%";581;"72,63%";"97,65%";14;"1,75%";"2,35%";0;"0,00%";"0,00%";3;DVC;LARSONNEUR;"Jean-Charles";MASCULIN;223;"27,88%";"38,38%";;7;UG;CADALEN;"Pierre-Yves";MASCULIN;232;"29,00%";"39,93%";élu;8;RN;KERVELLA;Denis;MASCULIN;126;"15,75%";"21,69%";;;;;;;;;;
"29";Finistère;"29019";Brest;"0051";873;692;"79,27%";181;"20,73%";680;"77,89%";"98,27%";12;"1,37%";"1,73%";0;"0,00%";"0,00%";3;DVC;LARSONNEUR;"Jean-Charles";MASCULIN;322;"36,88%";"47,35%";;7;UG;CADALEN;"Pierre-Yves";MASCULIN;243;"27,84%";"35,74%";élu;8;RN;KERVELLA;Denis;MASCULIN;115;"13,17%";"16,91%";;;;;;;;;;
"29";Finistère;"29019";Brest;"0052";818;630;"77,02%";188;"22,98%";617;"75,43%";"97,94%";13;"1,59%";"2,06%";0;"0,00%";"0,00%";3;DVC;LARSONNEUR;"Jean-Charles";MASCULIN;268;"32,76%";"43,44%";;7;UG;CADALEN;"Pierre-Yves";MASCULIN;244;"29,83%";"39,55%";élu;8;RN;KERVELLA;Denis;MASCULIN;105;"12,84%";"17,02%";;;;;;;;;;
"29";Finistère;"29019";Brest;"0053";748;525;"70,19%";223;"29,81%";513;"68,58%";"97,71%";12;"1,60%";"2,29%";0;"0,00%";"0,00%";3;DVC;LARSONNEUR;"Jean-Charles";MASCULIN;213;"28,48%";"41,52%";;7;UG;CADALEN;"Pierre-Yves";MASCULIN;198;"26,47%";"38,60%";élu;8;RN;KERVELLA;Denis;MASCULIN;102;"13,64%";"19,88%";;;;;;;;;;
"29";Finistère;"29019";Brest;"0054";808;633;"78,34%";175;"21,66%";620;"76,73%";"97,95%";13;"1,61%";"2,05%";0;"0,00%";"0,00%";3;DVC;LARSONNEUR;"Jean-Charles";MASCULIN;254;"31,44%";"40,97%";;7;UG;CADALEN;"Pierre-Yves";MASCULIN;234;"28,96%";"37,74%";élu;8;RN;KERVELLA;Denis;MASCULIN;132;"16,34%";"21,29%";;;;;;;;;;
"29";Finistère;"29019";Brest;"0055";866;610;"70,44%";256;"29,56%";598;"69,05%";"98,03%";12;"1,39%";"1,97%";0;"0,00%";"0,00%";3;DVC;LARSONNEUR;"Jean-Charles";MASCULIN;182;"21,02%";"30,43%";;7;UG;CADALEN;"Pierre-Yves";MASCULIN;309;"35,68%";"51,67%";élu;8;RN;KERVELLA;Denis;MASCULIN;107;"12,36%";"17,89%";;;;;;;;;;
"29";Finistère;"29019";Brest;"0056";686;432;"62,97%";254;"37,03%";420;"61,22%";"97,22%";12;"1,75%";"2,78%";0;"0,00%";"0,00%";3;DVC;LARSONNEUR;"Jean-Charles";MASCULIN;115;"16,76%";"27,38%";;7;UG;CADALEN;"Pierre-Yves";MASCULIN;193;"28,13%";"45,95%";élu;8;RN;KERVELLA;Denis;MASCULIN;112;"16,33%";"26,67%";;;;;;;;;;
"29";Finistère;"29019";Brest;"0057";740;533;"72,03%";207;"27,97%";519;"70,14%";"97,37%";14;"1,89%";"2,63%";0;"0,00%";"0,00%";3;DVC;LARSONNEUR;"Jean-Charles";MASCULIN;190;"25,68%";"36,61%";;7;UG;CADALEN;"Pierre-Yves";MASCULIN;208;"28,11%";"40,08%";élu;8;RN;KERVELLA;Denis;MASCULIN;121;"16,35%";"23,31%";;;;;;;;;;
"29";Finistère;"29019";Brest;"0058";792;491;"61,99%";301;"38,01%";478;"60,35%";"97,35%";13;"1,64%";"2,65%";0;"0,00%";"0,00%";3;DVC;LARSONNEUR;"Jean-Charles";MASCULIN;150;"18,94%";"31,38%";;7;UG;CADALEN;"Pierre-Yves";MASCULIN;195;"24,62%";"40,79%";élu;8;RN;KERVELLA;Denis;MASCULIN;133;"16,79%";"27,82%";;;;;;;;;;
"29";Finistère;"29019";Brest;"0059";657;348;"52,97%";309;"47,03%";345;"52,51%";"99,14%";3;"0,46%";"0,86%";0;"0,00%";"0,00%";3;DVC;LARSONNEUR;"Jean-Charles";MASCULIN;100;"15,22%";"28,99%";;7;UG;CADALEN;"Pierre-Yves";MASCULIN;126;"19,18%";"36,52%";élu;8;RN;KERVELLA;Denis;MASCULIN;119;"18,11%";"34,49%";;;;;;;;;;
"29";Finistère;"29019";Brest;"0060";909;614;"67,55%";295;"32,45%";603;"66,34%";"98,21%";11;"1,21%";"1,79%";0;"0,00%";"0,00%";3;DVC;LARSONNEUR;"Jean-Charles";MASCULIN;210;"23,10%";"34,83%";;7;UG;CADALEN;"Pierre-Yves";MASCULIN;252;"27,72%";"41,79%";élu;8;RN;KERVELLA;Denis;MASCULIN;141;"15,51%";"23,38%";;;;;;;;;;
"29";Finistère;"29019";Brest;"0061";891;437;"49,05%";454;"50,95%";430;"48,26%";"98,40%";7;"0,79%";"1,60%";0;"0,00%";"0,00%";3;DVC;LARSONNEUR;"Jean-Charles";MASCULIN;50;"5,61%";"11,63%";;7;UG;CADALEN;"Pierre-Yves";MASCULIN;242;"27,16%";"56,28%";élu;8;RN;KERVELLA;Denis;MASCULIN;138;"15,49%";"32,09%";;;;;;;;;;
"29";Finistère;"29019";Brest;"0062";1004;633;"63,05%";371;"36,95%";614;"61,16%";"97,00%";19;"1,89%";"3,00%";0;"0,00%";"0,00%";3;DVC;LARSONNEUR;"Jean-Charles";MASCULIN;160;"15,94%";"26,06%";;7;UG;CADALEN;"Pierre-Yves";MASCULIN;270;"26,89%";"43,97%";élu;8;RN;KERVELLA;Denis;MASCULIN;184;"18,33%";"29,97%";;;;;;;;;;
"29";Finistère;"29019";Brest;"0063";803;512;"63,76%";291;"36,24%";503;"62,64%";"98,24%";9;"1,12%";"1,76%";0;"0,00%";"0,00%";3;DVC;LARSONNEUR;"Jean-Charles";MASCULIN;150;"18,68%";"29,82%";;7;UG;CADALEN;"Pierre-Yves";MASCULIN;222;"27,65%";"44,14%";élu;8;RN;KERVELLA;Denis;MASCULIN;131;"16,31%";"26,04%";;;;;;;;;;
"29";Finistère;"29019";Brest;"0064";818;568;"69,44%";250;"30,56%";557;"68,09%";"98,06%";11;"1,34%";"1,94%";0;"0,00%";"0,00%";3;DVC;LARSONNEUR;"Jean-Charles";MASCULIN;169;"20,66%";"30,34%";;7;UG;CADALEN;"Pierre-Yves";MASCULIN;292;"35,70%";"52,42%";élu;8;RN;KERVELLA;Denis;MASCULIN;96;"11,74%";"17,24%";;;;;;;;;;
"29";Finistère;"29019";Brest;"0065";912;588;"64,47%";324;"35,53%";580;"63,60%";"98,64%";8;"0,88%";"1,36%";0;"0,00%";"0,00%";3;DVC;LARSONNEUR;"Jean-Charles";MASCULIN;157;"17,21%";"27,07%";;7;UG;CADALEN;"Pierre-Yves";MASCULIN;325;"35,64%";"56,03%";élu;8;RN;KERVELLA;Denis;MASCULIN;98;"10,75%";"16,90%";;;;;;;;;;
"29";Finistère;"29019";Brest;"0066";791;541;"68,39%";250;"31,61%";529;"66,88%";"97,78%";12;"1,52%";"2,22%";0;"0,00%";"0,00%";3;DVC;LARSONNEUR;"Jean-Charles";MASCULIN;162;"20,48%";"30,62%";;7;UG;CADALEN;"Pierre-Yves";MASCULIN;259;"32,74%";"48,96%";élu;8;RN;KERVELLA;Denis;MASCULIN;108;"13,65%";"20,42%";;;;;;;;;;
"29";Finistère;"29019";Brest;"0067";756;544;"71,96%";212;"28,04%";537;"71,03%";"98,71%";7;"0,93%";"1,29%";0;"0,00%";"0,00%";3;DVC;LARSONNEUR;"Jean-Charles";MASCULIN;178;"23,54%";"33,15%";;7;UG;CADALEN;"Pierre-Yves";MASCULIN;247;"32,67%";"46,00%";élu;8;RN;KERVELLA;Denis;MASCULIN;112;"14,81%";"20,86%";;;;;;;;;;
"29";Finistère;"29019";Brest;"0068";833;581;"69,75%";252;"30,25%";567;"68,07%";"97,59%";14;"1,68%";"2,41%";0;"0,00%";"0,00%";3;DVC;LARSONNEUR;"Jean-Charles";MASCULIN;206;"24,73%";"36,33%";;7;UG;CADALEN;"Pierre-Yves";MASCULIN;244;"29,29%";"43,03%";élu;8;RN;KERVELLA;Denis;MASCULIN;117;"14,05%";"20,63%";;;;;;;;;;
"29";Finistère;"29019";Brest;"0069";830;601;"72,41%";229;"27,59%";588;"70,84%";"97,84%";13;"1,57%";"2,16%";0;"0,00%";"0,00%";3;DVC;LARSONNEUR;"Jean-Charles";MASCULIN;160;"19,28%";"27,21%";;7;UG;CADALEN;"Pierre-Yves";MASCULIN;329;"39,64%";"55,95%";élu;8;RN;KERVELLA;Denis;MASCULIN;99;"11,93%";"16,84%";;;;;;;;;;
"29";Finistère;"29019";Brest;"0070";769;553;"71,91%";216;"28,09%";539;"70,09%";"97,47%";14;"1,82%";"2,53%";0;"0,00%";"0,00%";3;DVC;LARSONNEUR;"Jean-Charles";MASCULIN;170;"22,11%";"31,54%";;7;UG;CADALEN;"Pierre-Yves";MASCULIN;248;"32,25%";"46,01%";élu;8;RN;KERVELLA;Denis;MASCULIN;121;"15,73%";"22,45%";;;;;;;;;;
"29";Finistère;"29019";Brest;"0071";724;401;"55,39%";323;"44,61%";388;"53,59%";"96,76%";13;"1,80%";"3,24%";0;"0,00%";"0,00%";3;DVC;LARSONNEUR;"Jean-Charles";MASCULIN;90;"12,43%";"23,20%";;7;UG;CADALEN;"Pierre-Yves";MASCULIN;181;"25,00%";"46,65%";élu;8;RN;KERVELLA;Denis;MASCULIN;117;"16,16%";"30,15%";;;;;;;;;;
"29";Finistère;"29019";Brest;"0072";741;487;"65,72%";254;"34,28%";477;"64,37%";"97,95%";10;"1,35%";"2,05%";0;"0,00%";"0,00%";3;DVC;LARSONNEUR;"Jean-Charles";MASCULIN;139;"18,76%";"29,14%";;7;UG;CADALEN;"Pierre-Yves";MASCULIN;204;"27,53%";"42,77%";élu;8;RN;KERVELLA;Denis;MASCULIN;134;"18,08%";"28,09%";;;;;;;;;;
"29";Finistère;"29019";Brest;"0073";711;410;"57,67%";301;"42,33%";401;"56,40%";"97,80%";9;"1,27%";"2,20%";0;"0,00%";"0,00%";3;DVC;LARSONNEUR;"Jean-Charles";MASCULIN;89;"12,52%";"22,19%";;7;UG;CADALEN;"Pierre-Yves";MASCULIN;170;"23,91%";"42,39%";élu;8;RN;KERVELLA;Denis;MASCULIN;142;"19,97%";"35,41%";;;;;;;;;;
"29";Finistère;"29019";Brest;"0074";893;615;"68,87%";278;"31,13%";587;"65,73%";"95,45%";28;"3,14%";"4,55%";0;"0,00%";"0,00%";3;DVC;LARSONNEUR;"Jean-Charles";MASCULIN;194;"21,72%";"33,05%";;7;UG;CADALEN;"Pierre-Yves";MASCULIN;265;"29,68%";"45,14%";élu;8;RN;KERVELLA;Denis;MASCULIN;128;"14,33%";"21,81%";;;;;;;;;;
"29";Finistère;"29019";Brest;"0075";944;660;"69,92%";284;"30,08%";637;"67,48%";"96,52%";23;"2,44%";"3,48%";0;"0,00%";"0,00%";3;DVC;LARSONNEUR;"Jean-Charles";MASCULIN;216;"22,88%";"33,91%";;7;UG;CADALEN;"Pierre-Yves";MASCULIN;280;"29,66%";"43,96%";élu;8;RN;KERVELLA;Denis;MASCULIN;141;"14,94%";"22,14%";;;;;;;;;;
"29";Finistère;"29019";Brest;"0076";773;566;"73,22%";207;"26,78%";555;"71,80%";"98,06%";11;"1,42%";"1,94%";0;"0,00%";"0,00%";3;DVC;LARSONNEUR;"Jean-Charles";MASCULIN;175;"22,64%";"31,53%";;7;UG;CADALEN;"Pierre-Yves";MASCULIN;258;"33,38%";"46,49%";élu;8;RN;KERVELLA;Denis;MASCULIN;122;"15,78%";"21,98%";;;;;;;;;;
"29";Finistère;"29019";Brest;"0077";832;486;"58,41%";346;"41,59%";473;"56,85%";"97,33%";13;"1,56%";"2,67%";0;"0,00%";"0,00%";3;DVC;LARSONNEUR;"Jean-Charles";MASCULIN;170;"20,43%";"35,94%";;7;UG;CADALEN;"Pierre-Yves";MASCULIN;177;"21,27%";"37,42%";élu;8;RN;KERVELLA;Denis;MASCULIN;126;"15,14%";"26,64%";;;;;;;;;;
"29";Finistère;"29019";Brest;"0078";881;555;"63,00%";326;"37,00%";540;"61,29%";"97,30%";15;"1,70%";"2,70%";0;"0,00%";"0,00%";3;DVC;LARSONNEUR;"Jean-Charles";MASCULIN;191;"21,68%";"35,37%";;7;UG;CADALEN;"Pierre-Yves";MASCULIN;216;"24,52%";"40,00%";élu;8;RN;KERVELLA;Denis;MASCULIN;133;"15,10%";"24,63%";;;;;;;;;;
"29";Finistère;"29019";Brest;"0079";1267;898;"70,88%";369;"29,12%";873;"68,90%";"97,22%";25;"1,97%";"2,78%";0;"0,00%";"0,00%";3;DVC;LARSONNEUR;"Jean-Charles";MASCULIN;323;"25,49%";"37,00%";;7;UG;CADALEN;"Pierre-Yves";MASCULIN;325;"25,65%";"37,23%";élu;8;RN;KERVELLA;Denis;MASCULIN;225;"17,76%";"25,77%";;;;;;;;;;
"29";Finistère;"29019";Brest;"0080";585;377;"64,44%";208;"35,56%";368;"62,91%";"97,61%";9;"1,54%";"2,39%";0;"0,00%";"0,00%";3;DVC;LARSONNEUR;"Jean-Charles";MASCULIN;100;"17,09%";"27,17%";;7;UG;CADALEN;"Pierre-Yves";MASCULIN;165;"28,21%";"44,84%";élu;8;RN;KERVELLA;Denis;MASCULIN;103;"17,61%";"27,99%";;;;;;;;;;
"29";Finistère;"29019";Brest;"0081";511;292;"57,14%";219;"42,86%";288;"56,36%";"98,63%";4;"0,78%";"1,37%";0;"0,00%";"0,00%";3;DVC;LARSONNEUR;"Jean-Charles";MASCULIN;77;"15,07%";"26,74%";;7;UG;CADALEN;"Pierre-Yves";MASCULIN;127;"24,85%";"44,10%";élu;8;RN;KERVELLA;Denis;MASCULIN;84;"16,44%";"29,17%";;;;;;;;;;
"29";Finistère;"29019";Brest;"0082";603;366;"60,70%";237;"39,30%";357;"59,20%";"97,54%";9;"1,49%";"2,46%";0;"0,00%";"0,00%";3;DVC;LARSONNEUR;"Jean-Charles";MASCULIN;112;"18,57%";"31,37%";;7;UG;CADALEN;"Pierre-Yves";MASCULIN;128;"21,23%";"35,85%";élu;8;RN;KERVELLA;Denis;MASCULIN;117;"19,40%";"32,77%";;;;;;;;;;
"29";Finistère;"29019";Brest;"0083";687;393;"57,21%";294;"42,79%";384;"55,90%";"97,71%";9;"1,31%";"2,29%";0;"0,00%";"0,00%";3;DVC;LARSONNEUR;"Jean-Charles";MASCULIN;89;"12,95%";"23,18%";;7;UG;CADALEN;"Pierre-Yves";MASCULIN;156;"22,71%";"40,63%";élu;8;RN;KERVELLA;Denis;MASCULIN;139;"20,23%";"36,20%";;;;;;;;;;
"29";Finistère;"29019";Brest;"0084";695;437;"62,88%";258;"37,12%";423;"60,86%";"96,80%";14;"2,01%";"3,20%";0;"0,00%";"0,00%";3;DVC;LARSONNEUR;"Jean-Charles";MASCULIN;119;"17,12%";"28,13%";;7;UG;CADALEN;"Pierre-Yves";MASCULIN;159;"22,88%";"37,59%";élu;8;RN;KERVELLA;Denis;MASCULIN;145;"20,86%";"34,28%";;;;;;;;;;
"29";Finistère;"29019";Brest;"0085";695;369;"53,09%";326;"46,91%";358;"51,51%";"97,02%";11;"1,58%";"2,98%";0;"0,00%";"0,00%";3;DVC;LARSONNEUR;"Jean-Charles";MASCULIN;72;"10,36%";"20,11%";;7;UG;CADALEN;"Pierre-Yves";MASCULIN;135;"19,42%";"37,71%";élu;8;RN;KERVELLA;Denis;MASCULIN;151;"21,73%";"42,18%";;;;;;;;;;
"29";Finistère;"29019";Brest;"0086";688;410;"59,59%";278;"40,41%";405;"58,87%";"98,78%";5;"0,73%";"1,22%";0;"0,00%";"0,00%";3;DVC;LARSONNEUR;"Jean-Charles";MASCULIN;92;"13,37%";"22,72%";;7;UG;CADALEN;"Pierre-Yves";MASCULIN;167;"24,27%";"41,23%";élu;8;RN;KERVELLA;Denis;MASCULIN;146;"21,22%";"36,05%";;;;;;;;;;
"29";Finistère;"29019";Brest;"0087";639;408;"63,85%";231;"36,15%";399;"62,44%";"97,79%";9;"1,41%";"2,21%";0;"0,00%";"0,00%";3;DVC;LARSONNEUR;"Jean-Charles";MASCULIN;136;"21,28%";"34,09%";;7;UG;CADALEN;"Pierre-Yves";MASCULIN;139;"21,75%";"34,84%";élu;8;RN;KERVELLA;Denis;MASCULIN;124;"19,41%";"31,08%";;;;;;;;;;
"29";Finistère;"29019";Brest;"0088";670;354;"52,84%";316;"47,16%";346;"51,64%";"97,74%";8;"1,19%";"2,26%";0;"0,00%";"0,00%";3;DVC;LARSONNEUR;"Jean-Charles";MASCULIN;75;"11,19%";"21,68%";;7;UG;CADALEN;"Pierre-Yves";MASCULIN;159;"23,73%";"45,95%";élu;8;RN;KERVELLA;Denis;MASCULIN;112;"16,72%";"32,37%";;;;;;;;;;
"29";Finistère;"29019";Brest;"0089";800;462;"57,75%";338;"42,25%";447;"55,88%";"96,75%";15;"1,88%";"3,25%";0;"0,00%";"0,00%";3;DVC;LARSONNEUR;"Jean-Charles";MASCULIN;95;"11,88%";"21,25%";;7;UG;CADALEN;"Pierre-Yves";MASCULIN;226;"28,25%";"50,56%";élu;8;RN;KERVELLA;Denis;MASCULIN;126;"15,75%";"28,19%";;;;;;;;;;
"29";Finistère;"29019";Brest;"0090";736;569;"77,31%";167;"22,69%";558;"75,82%";"98,07%";11;"1,49%";"1,93%";0;"0,00%";"0,00%";3;DVC;LARSONNEUR;"Jean-Charles";MASCULIN;214;"29,08%";"38,35%";;7;UG;CADALEN;"Pierre-Yves";MASCULIN;222;"30,16%";"39,78%";élu;8;RN;KERVELLA;Denis;MASCULIN;122;"16,58%";"21,86%";;;;;;;;;;
"29";Finistère;"29019";Brest;"0091";719;504;"70,10%";215;"29,90%";488;"67,87%";"96,83%";16;"2,23%";"3,17%";0;"0,00%";"0,00%";3;DVC;LARSONNEUR;"Jean-Charles";MASCULIN;176;"24,48%";"36,07%";;7;UG;CADALEN;"Pierre-Yves";MASCULIN;194;"26,98%";"39,75%";élu;8;RN;KERVELLA;Denis;MASCULIN;118;"16,41%";"24,18%";;;;;;;;;;
"29";Finistère;"29019";Brest;"0092";922;635;"68,87%";287;"31,13%";621;"67,35%";"97,80%";14;"1,52%";"2,20%";0;"0,00%";"0,00%";3;DVC;LARSONNEUR;"Jean-Charles";MASCULIN;198;"21,48%";"31,88%";;7;UG;CADALEN;"Pierre-Yves";MASCULIN;224;"24,30%";"36,07%";élu;8;RN;KERVELLA;Denis;MASCULIN;199;"21,58%";"32,05%";;;;;;;;;;
"29";Finistère;"29019";Brest;"0093";1015;708;"69,75%";307;"30,25%";692;"68,18%";"97,74%";16;"1,58%";"2,26%";0;"0,00%";"0,00%";3;DVC;LARSONNEUR;"Jean-Charles";MASCULIN;237;"23,35%";"34,25%";;7;UG;CADALEN;"Pierre-Yves";MASCULIN;272;"26,80%";"39,31%";élu;8;RN;KERVELLA;Denis;MASCULIN;183;"18,03%";"26,45%";;;;;;;;;;
"29";Finistère;"29019";Brest;"0094";698;502;"71,92%";196;"28,08%";492;"70,49%";"98,01%";10;"1,43%";"1,99%";0;"0,00%";"0,00%";3;DVC;LARSONNEUR;"Jean-Charles";MASCULIN;189;"27,08%";"38,41%";;7;UG;CADALEN;"Pierre-Yves";MASCULIN;198;"28,37%";"40,24%";élu;8;RN;KERVELLA;Denis;MASCULIN;105;"15,04%";"21,34%";;;;;;;;;;
"29";Finistère;"29019";Brest;"0095";909;684;"75,25%";225;"24,75%";656;"72,17%";"95,91%";28;"3,08%";"4,09%";0;"0,00%";"0,00%";3;DVC;LARSONNEUR;"Jean-Charles";MASCULIN;251;"27,61%";"38,26%";;7;UG;CADALEN;"Pierre-Yves";MASCULIN;212;"23,32%";"32,32%";élu;8;RN;KERVELLA;Denis;MASCULIN;193;"21,23%";"29,42%";;;;;;;;;;
"29";Finistère;"29019";Brest;"0096";657;483;"73,52%";174;"26,48%";469;"71,39%";"97,10%";14;"2,13%";"2,90%";0;"0,00%";"0,00%";3;DVC;LARSONNEUR;"Jean-Charles";MASCULIN;191;"29,07%";"40,72%";;7;UG;CADALEN;"Pierre-Yves";MASCULIN;149;"22,68%";"31,77%";élu;8;RN;KERVELLA;Denis;MASCULIN;129;"19,63%";"27,51%";;;;;;;;;;
"29";Finistère;"29019";Brest;"0097";958;723;"75,47%";235;"24,53%";702;"73,28%";"97,10%";21;"2,19%";"2,90%";0;"0,00%";"0,00%";3;DVC;LARSONNEUR;"Jean-Charles";MASCULIN;292;"30,48%";"41,60%";;7;UG;CADALEN;"Pierre-Yves";MASCULIN;231;"24,11%";"32,91%";élu;8;RN;KERVELLA;Denis;MASCULIN;179;"18,68%";"25,50%";;;;;;;;;;
"29";Finistère;"29019";Brest;"0098";877;649;"74,00%";228;"26,00%";636;"72,52%";"98,00%";13;"1,48%";"2,00%";0;"0,00%";"0,00%";3;DVC;LARSONNEUR;"Jean-Charles";MASCULIN;223;"25,43%";"35,06%";;7;UG;CADALEN;"Pierre-Yves";MASCULIN;253;"28,85%";"39,78%";élu;8;RN;KERVELLA;Denis;MASCULIN;160;"18,24%";"25,16%";;;;;;;;;;
"29";Finistère;"29019";Brest;"0099";776;540;"69,59%";236;"30,41%";526;"67,78%";"97,41%";14;"1,80%";"2,59%";0;"0,00%";"0,00%";3;DVC;LARSONNEUR;"Jean-Charles";MASCULIN;234;"30,15%";"44,49%";;7;UG;CADALEN;"Pierre-Yves";MASCULIN;177;"22,81%";"33,65%";élu;8;RN;KERVELLA;Denis;MASCULIN;115;"14,82%";"21,86%";;;;;;;;;;
"29";Finistère;"29019";Brest;"0100";790;519;"65,70%";271;"34,30%";504;"63,80%";"97,11%";15;"1,90%";"2,89%";0;"0,00%";"0,00%";3;DVC;LARSONNEUR;"Jean-Charles";MASCULIN;171;"21,65%";"33,93%";;7;UG;CADALEN;"Pierre-Yves";MASCULIN;173;"21,90%";"34,33%";élu;8;RN;KERVELLA;Denis;MASCULIN;160;"20,25%";"31,75%";;;;;;;;;;
"29";Finistère;"29019";Brest;"0101";878;599;"68,22%";279;"31,78%";585;"66,63%";"97,66%";14;"1,59%";"2,34%";0;"0,00%";"0,00%";3;DVC;LARSONNEUR;"Jean-Charles";MASCULIN;197;"22,44%";"33,68%";;7;UG;CADALEN;"Pierre-Yves";MASCULIN;219;"24,94%";"37,44%";élu;8;RN;KERVELLA;Denis;MASCULIN;169;"19,25%";"28,89%";;;;;;;;;;
"29";Finistère;"29019";Brest;"0102";953;700;"73,45%";253;"26,55%";677;"71,04%";"96,71%";23;"2,41%";"3,29%";0;"0,00%";"0,00%";3;DVC;LARSONNEUR;"Jean-Charles";MASCULIN;223;"23,40%";"32,94%";;7;UG;CADALEN;"Pierre-Yves";MASCULIN;276;"28,96%";"40,77%";élu;8;RN;KERVELLA;Denis;MASCULIN;178;"18,68%";"26,29%";;;;;;;;;;
"29";Finistère;"29019";Brest;"0103";740;480;"64,86%";260;"35,14%";466;"62,97%";"97,08%";14;"1,89%";"2,92%";0;"0,00%";"0,00%";3;DVC;LARSONNEUR;"Jean-Charles";MASCULIN;182;"24,59%";"39,06%";;7;UG;CADALEN;"Pierre-Yves";MASCULIN;119;"16,08%";"25,54%";élu;8;RN;KERVELLA;Denis;MASCULIN;165;"22,30%";"35,41%";;;;;;;;;;
"29";Finistère;"29019";Brest;"0104";797;553;"69,39%";244;"30,61%";540;"67,75%";"97,65%";13;"1,63%";"2,35%";0;"0,00%";"0,00%";3;DVC;LARSONNEUR;"Jean-Charles";MASCULIN;189;"23,71%";"35,00%";;7;UG;CADALEN;"Pierre-Yves";MASCULIN;214;"26,85%";"39,63%";élu;8;RN;KERVELLA;Denis;MASCULIN;137;"17,19%";"25,37%";;;;;;;;;;
"29";Finistère;"29035";"Coat-Méal";"0001";765;600;"78,43%";165;"21,57%";569;"74,38%";"94,83%";25;"3,27%";"4,17%";6;"0,78%";"1,00%";2;ENS;"LE GAC";Didier;MASCULIN;347;"45,36%";"60,98%";élu;3;RN;DONVAL;Martine;FEMININ;222;"29,02%";"39,02%";;;;;;;;;;;;;;;;;;;
"29";Finistère;"29040";"Le Conquet";"0001";1236;891;"72,09%";345;"27,91%";857;"69,34%";"96,18%";31;"2,51%";"3,48%";3;"0,24%";"0,34%";2;ENS;"LE GAC";Didier;MASCULIN;610;"49,35%";"71,18%";élu;3;RN;DONVAL;Martine;FEMININ;247;"19,98%";"28,82%";;;;;;;;;;;;;;;;;;;
"29";Finistère;"29040";"Le Conquet";"0002";1282;995;"77,61%";287;"22,39%";939;"73,24%";"94,37%";49;"3,82%";"4,92%";7;"0,55%";"0,70%";2;ENS;"LE GAC";Didier;MASCULIN;661;"51,56%";"70,39%";élu;3;RN;DONVAL;Martine;FEMININ;278;"21,68%";"29,61%";;;;;;;;;;;;;;;;;;;
"29";Finistère;"29047";"Le Drennec";"0001";1376;1048;"76,16%";328;"23,84%";1006;"73,11%";"95,99%";37;"2,69%";"3,53%";5;"0,36%";"0,48%";2;ENS;"LE GAC";Didier;MASCULIN;651;"47,31%";"64,71%";élu;3;RN;DONVAL;Martine;FEMININ;355;"25,80%";"35,29%";;;;;;;;;;;;;;;;;;;
"29";Finistère;"29061";Gouesnou;"0001";994;776;"78,07%";218;"21,93%";757;"76,16%";"97,55%";15;"1,51%";"1,93%";4;"0,40%";"0,52%";3;DVC;LARSONNEUR;"Jean-Charles";MASCULIN;371;"37,32%";"49,01%";;7;UG;CADALEN;"Pierre-Yves";MASCULIN;208;"20,93%";"27,48%";élu;8;RN;KERVELLA;Denis;MASCULIN;178;"17,91%";"23,51%";;;;;;;;;;
"29";Finistère;"29061";Gouesnou;"0002";1085;785;"72,35%";300;"27,65%";762;"70,23%";"97,07%";20;"1,84%";"2,55%";3;"0,28%";"0,38%";3;DVC;LARSONNEUR;"Jean-Charles";MASCULIN;293;"27,00%";"38,45%";;7;UG;CADALEN;"Pierre-Yves";MASCULIN;217;"20,00%";"28,48%";élu;8;RN;KERVELLA;Denis;MASCULIN;252;"23,23%";"33,07%";;;;;;;;;;
"29";Finistère;"29061";Gouesnou;"0003";883;669;"75,76%";214;"24,24%";659;"74,63%";"98,51%";6;"0,68%";"0,90%";4;"0,45%";"0,60%";3;DVC;LARSONNEUR;"Jean-Charles";MASCULIN;281;"31,82%";"42,64%";;7;UG;CADALEN;"Pierre-Yves";MASCULIN;205;"23,22%";"31,11%";élu;8;RN;KERVELLA;Denis;MASCULIN;173;"19,59%";"26,25%";;;;;;;;;;
"29";Finistère;"29061";Gouesnou;"0004";795;590;"74,21%";205;"25,79%";583;"73,33%";"98,81%";5;"0,63%";"0,85%";2;"0,25%";"0,34%";3;DVC;LARSONNEUR;"Jean-Charles";MASCULIN;255;"32,08%";"43,74%";;7;UG;CADALEN;"Pierre-Yves";MASCULIN;182;"22,89%";"31,22%";élu;8;RN;KERVELLA;Denis;MASCULIN;146;"18,36%";"25,04%";;;;;;;;;;
"29";Finistère;"29061";Gouesnou;"0005";816;641;"78,55%";175;"21,45%";624;"76,47%";"97,35%";12;"1,47%";"1,87%";5;"0,61%";"0,78%";3;DVC;LARSONNEUR;"Jean-Charles";MASCULIN;313;"38,36%";"50,16%";;7;UG;CADALEN;"Pierre-Yves";MASCULIN;182;"22,30%";"29,17%";élu;8;RN;KERVELLA;Denis;MASCULIN;129;"15,81%";"20,67%";;;;;;;;;;
"29";Finistère;"29061";Gouesnou;"0006";825;636;"77,09%";189;"22,91%";625;"75,76%";"98,27%";11;"1,33%";"1,73%";0;"0,00%";"0,00%";3;DVC;LARSONNEUR;"Jean-Charles";MASCULIN;311;"37,70%";"49,76%";;7;UG;CADALEN;"Pierre-Yves";MASCULIN;155;"18,79%";"24,80%";élu;8;RN;KERVELLA;Denis;MASCULIN;159;"19,27%";"25,44%";;;;;;;;;;
"29";Finistère;"29069";Guilers;"0001";725;514;"70,90%";211;"29,10%";506;"69,79%";"98,44%";6;"0,83%";"1,17%";2;"0,28%";"0,39%";3;DVC;LARSONNEUR;"Jean-Charles";MASCULIN;245;"33,79%";"48,42%";;7;UG;CADALEN;"Pierre-Yves";MASCULIN;122;"16,83%";"24,11%";élu;8;RN;KERVELLA;Denis;MASCULIN;139;"19,17%";"27,47%";;;;;;;;;;
"29";Finistère;"29069";Guilers;"0002";855;642;"75,09%";213;"24,91%";626;"73,22%";"97,51%";15;"1,75%";"2,34%";1;"0,12%";"0,16%";3;DVC;LARSONNEUR;"Jean-Charles";MASCULIN;246;"28,77%";"39,30%";;7;UG;CADALEN;"Pierre-Yves";MASCULIN;194;"22,69%";"30,99%";élu;8;RN;KERVELLA;Denis;MASCULIN;186;"21,75%";"29,71%";;;;;;;;;;
"29";Finistère;"29069";Guilers;"0003";609;445;"73,07%";164;"26,93%";438;"71,92%";"98,43%";4;"0,66%";"0,90%";3;"0,49%";"0,67%";3;DVC;LARSONNEUR;"Jean-Charles";MASCULIN;184;"30,21%";"42,01%";;7;UG;CADALEN;"Pierre-Yves";MASCULIN;139;"22,82%";"31,74%";élu;8;RN;KERVELLA;Denis;MASCULIN;115;"18,88%";"26,26%";;;;;;;;;;
"29";Finistère;"29069";Guilers;"0004";777;531;"68,34%";246;"31,66%";526;"67,70%";"99,06%";3;"0,39%";"0,56%";2;"0,26%";"0,38%";3;DVC;LARSONNEUR;"Jean-Charles";MASCULIN;223;"28,70%";"42,40%";;7;UG;CADALEN;"Pierre-Yves";MASCULIN;154;"19,82%";"29,28%";élu;8;RN;KERVELLA;Denis;MASCULIN;149;"19,18%";"28,33%";;;;;;;;;;
"29";Finistère;"29069";Guilers;"0005";864;638;"73,84%";226;"26,16%";621;"71,88%";"97,34%";13;"1,50%";"2,04%";4;"0,46%";"0,63%";3;DVC;LARSONNEUR;"Jean-Charles";MASCULIN;286;"33,10%";"46,05%";;7;UG;CADALEN;"Pierre-Yves";MASCULIN;169;"19,56%";"27,21%";élu;8;RN;KERVELLA;Denis;MASCULIN;166;"19,21%";"26,73%";;;;;;;;;;
"29";Finistère;"29069";Guilers;"0006";889;665;"74,80%";224;"25,20%";651;"73,23%";"97,89%";10;"1,12%";"1,50%";4;"0,45%";"0,60%";3;DVC;LARSONNEUR;"Jean-Charles";MASCULIN;299;"33,63%";"45,93%";;7;UG;CADALEN;"Pierre-Yves";MASCULIN;199;"22,38%";"30,57%";élu;8;RN;KERVELLA;Denis;MASCULIN;153;"17,21%";"23,50%";;;;;;;;;;
"29";Finistère;"29069";Guilers;"0007";1023;785;"76,74%";238;"23,26%";765;"74,78%";"97,45%";18;"1,76%";"2,29%";2;"0,20%";"0,25%";3;DVC;LARSONNEUR;"Jean-Charles";MASCULIN;267;"26,10%";"34,90%";;7;UG;CADALEN;"Pierre-Yves";MASCULIN;240;"23,46%";"31,37%";élu;8;RN;KERVELLA;Denis;MASCULIN;258;"25,22%";"33,73%";;;;;;;;;;
"29";Finistère;"29069";Guilers;"0008";949;727;"76,61%";222;"23,39%";708;"74,60%";"97,39%";15;"1,58%";"2,06%";4;"0,42%";"0,55%";3;DVC;LARSONNEUR;"Jean-Charles";MASCULIN;263;"27,71%";"37,15%";;7;UG;CADALEN;"Pierre-Yves";MASCULIN;216;"22,76%";"30,51%";élu;8;RN;KERVELLA;Denis;MASCULIN;229;"24,13%";"32,34%";;;;;;;;;;
"29";Finistère;"29076";"Milizac-Guipronvel";"0001";998;766;"76,75%";232;"23,25%";714;"71,54%";"93,21%";44;"4,41%";"5,74%";8;"0,80%";"1,04%";2;ENS;"LE GAC";Didier;MASCULIN;478;"47,90%";"66,95%";élu;3;RN;DONVAL;Martine;FEMININ;236;"23,65%";"33,05%";;;;;;;;;;;;;;;;;;;
"29";Finistère;"29076";"Milizac-Guipronvel";"0002";823;605;"73,51%";218;"26,49%";575;"69,87%";"95,04%";27;"3,28%";"4,46%";3;"0,36%";"0,50%";2;ENS;"LE GAC";Didier;MASCULIN;383;"46,54%";"66,61%";élu;3;RN;DONVAL;Martine;FEMININ;192;"23,33%";"33,39%";;;;;;;;;;;;;;;;;;;
"29";Finistère;"29076";"Milizac-Guipronvel";"0003";1075;794;"73,86%";281;"26,14%";755;"70,23%";"95,09%";33;"3,07%";"4,16%";6;"0,56%";"0,76%";2;ENS;"LE GAC";Didier;MASCULIN;492;"45,77%";"65,17%";élu;3;RN;DONVAL;Martine;FEMININ;263;"24,47%";"34,83%";;;;;;;;;;;;;;;;;;;
"29";Finistère;"29076";"Milizac-Guipronvel";"0004";622;442;"71,06%";180;"28,94%";436;"70,10%";"98,64%";5;"0,80%";"1,13%";1;"0,16%";"0,23%";2;ENS;"LE GAC";Didier;MASCULIN;293;"47,11%";"67,20%";élu;3;RN;DONVAL;Martine;FEMININ;143;"22,99%";"32,80%";;;;;;;;;;;;;;;;;;;
"29";Finistère;"29084";"Ile-Molène";"0001";226;163;"72,12%";63;"27,88%";148;"65,49%";"90,80%";13;"5,75%";"7,98%";2;"0,88%";"1,23%";2;ENS;"LE GAC";Didier;MASCULIN;100;"44,25%";"67,57%";élu;3;RN;DONVAL;Martine;FEMININ;48;"21,24%";"32,43%";;;;;;;;;;;;;;;;;;;
"29";Finistère;"29093";Kernilis;"0001";966;669;"69,25%";297;"30,75%";640;"66,25%";"95,67%";26;"2,69%";"3,89%";3;"0,31%";"0,45%";2;ENS;"LE GAC";Didier;MASCULIN;398;"41,20%";"62,19%";élu;3;RN;DONVAL;Martine;FEMININ;242;"25,05%";"37,81%";;;;;;;;;;;;;;;;;;;
"29";Finistère;"29095";"Kersaint-Plabennec";"0001";1118;842;"75,31%";276;"24,69%";792;"70,84%";"94,06%";44;"3,94%";"5,23%";6;"0,54%";"0,71%";2;ENS;"LE GAC";Didier;MASCULIN;523;"46,78%";"66,04%";élu;3;RN;DONVAL;Martine;FEMININ;269;"24,06%";"33,96%";;;;;;;;;;;;;;;;;;;
"29";Finistère;"29098";"Lampaul-Plouarzel";"0001";1054;826;"78,37%";228;"21,63%";761;"72,20%";"92,13%";55;"5,22%";"6,66%";10;"0,95%";"1,21%";2;ENS;"LE GAC";Didier;MASCULIN;573;"54,36%";"75,30%";élu;3;RN;DONVAL;Martine;FEMININ;188;"17,84%";"24,70%";;;;;;;;;;;;;;;;;;;
"29";Finistère;"29098";"Lampaul-Plouarzel";"0002";901;687;"76,25%";214;"23,75%";640;"71,03%";"93,16%";41;"4,55%";"5,97%";6;"0,67%";"0,87%";2;ENS;"LE GAC";Didier;MASCULIN;482;"53,50%";"75,31%";élu;3;RN;DONVAL;Martine;FEMININ;158;"17,54%";"24,69%";;;;;;;;;;;;;;;;;;;
"29";Finistère;"29099";"Lampaul-Ploudalmézeau";"0001";718;542;"75,49%";176;"24,51%";496;"69,08%";"91,51%";37;"5,15%";"6,83%";9;"1,25%";"1,66%";2;ENS;"LE GAC";Didier;MASCULIN;355;"49,44%";"71,57%";élu;3;RN;DONVAL;Martine;FEMININ;141;"19,64%";"28,43%";;;;;;;;;;;;;;;;;;;
"29";Finistère;"29100";Lanarvily;"0001";331;246;"74,32%";85;"25,68%";227;"68,58%";"92,28%";17;"5,14%";"6,91%";2;"0,60%";"0,81%";2;ENS;"LE GAC";Didier;MASCULIN;158;"47,73%";"69,60%";élu;3;RN;DONVAL;Martine;FEMININ;69;"20,85%";"30,40%";;;;;;;;;;;;;;;;;;;
"29";Finistère;"29109";Landunvez;"0001";1376;1109;"80,60%";267;"19,40%";1039;"75,51%";"93,69%";63;"4,58%";"5,68%";7;"0,51%";"0,63%";2;ENS;"LE GAC";Didier;MASCULIN;743;"54,00%";"71,51%";élu;3;RN;DONVAL;Martine;FEMININ;296;"21,51%";"28,49%";;;;;;;;;;;;;;;;;;;
"29";Finistère;"29112";Lanildut;"0001";902;722;"80,04%";180;"19,96%";686;"76,05%";"95,01%";31;"3,44%";"4,29%";5;"0,55%";"0,69%";2;ENS;"LE GAC";Didier;MASCULIN;492;"54,55%";"71,72%";élu;3;RN;DONVAL;Martine;FEMININ;194;"21,51%";"28,28%";;;;;;;;;;;;;;;;;;;
"29";Finistère;"29119";Lanrivoaré;"0001";1233;911;"73,88%";322;"26,12%";840;"68,13%";"92,21%";64;"5,19%";"7,03%";7;"0,57%";"0,77%";2;ENS;"LE GAC";Didier;MASCULIN;582;"47,20%";"69,29%";élu;3;RN;DONVAL;Martine;FEMININ;258;"20,92%";"30,71%";;;;;;;;;;;;;;;;;;;
"29";Finistère;"29126";"Loc-Brévalaire";"0001";173;142;"82,08%";31;"17,92%";132;"76,30%";"92,96%";9;"5,20%";"6,34%";1;"0,58%";"0,70%";2;ENS;"LE GAC";Didier;MASCULIN;84;"48,55%";"63,64%";élu;3;RN;DONVAL;Martine;FEMININ;48;"27,75%";"36,36%";;;;;;;;;;;;;;;;;;;
"29";Finistère;"29130";"Locmaria-Plouzané";"0001";1074;792;"73,74%";282;"26,26%";751;"69,93%";"94,82%";35;"3,26%";"4,42%";6;"0,56%";"0,76%";2;ENS;"LE GAC";Didier;MASCULIN;541;"50,37%";"72,04%";élu;3;RN;DONVAL;Martine;FEMININ;210;"19,55%";"27,96%";;;;;;;;;;;;;;;;;;;
"29";Finistère;"29130";"Locmaria-Plouzané";"0002";1017;797;"78,37%";220;"21,63%";756;"74,34%";"94,86%";31;"3,05%";"3,89%";10;"0,98%";"1,25%";2;ENS;"LE GAC";Didier;MASCULIN;522;"51,33%";"69,05%";élu;3;RN;DONVAL;Martine;FEMININ;234;"23,01%";"30,95%";;;;;;;;;;;;;;;;;;;
"29";Finistère;"29130";"Locmaria-Plouzané";"0003";1112;829;"74,55%";283;"25,45%";806;"72,48%";"97,23%";21;"1,89%";"2,53%";2;"0,18%";"0,24%";2;ENS;"LE GAC";Didier;MASCULIN;619;"55,67%";"76,80%";élu;3;RN;DONVAL;Martine;FEMININ;187;"16,82%";"23,20%";;;;;;;;;;;;;;;;;;;
"29";Finistère;"29130";"Locmaria-Plouzané";"0004";968;766;"79,13%";202;"20,87%";728;"75,21%";"95,04%";31;"3,20%";"4,05%";7;"0,72%";"0,91%";2;ENS;"LE GAC";Didier;MASCULIN;569;"58,78%";"78,16%";élu;3;RN;DONVAL;Martine;FEMININ;159;"16,43%";"21,84%";;;;;;;;;;;;;;;;;;;
"29";Finistère;"29160";Plabennec;"0001";1145;845;"73,80%";300;"26,20%";809;"70,66%";"95,74%";32;"2,79%";"3,79%";4;"0,35%";"0,47%";2;ENS;"LE GAC";Didier;MASCULIN;576;"50,31%";"71,20%";élu;3;RN;DONVAL;Martine;FEMININ;233;"20,35%";"28,80%";;;;;;;;;;;;;;;;;;;
"29";Finistère;"29160";Plabennec;"0002";950;720;"75,79%";230;"24,21%";685;"72,11%";"95,14%";30;"3,16%";"4,17%";5;"0,53%";"0,69%";2;ENS;"LE GAC";Didier;MASCULIN;493;"51,89%";"71,97%";élu;3;RN;DONVAL;Martine;FEMININ;192;"20,21%";"28,03%";;;;;;;;;;;;;;;;;;;
"29";Finistère;"29160";Plabennec;"0003";1110;870;"78,38%";240;"21,62%";830;"74,77%";"95,40%";32;"2,88%";"3,68%";8;"0,72%";"0,92%";2;ENS;"LE GAC";Didier;MASCULIN;552;"49,73%";"66,51%";élu;3;RN;DONVAL;Martine;FEMININ;278;"25,05%";"33,49%";;;;;;;;;;;;;;;;;;;
"29";Finistère;"29160";Plabennec;"0004";1108;784;"70,76%";324;"29,24%";747;"67,42%";"95,28%";25;"2,26%";"3,19%";12;"1,08%";"1,53%";2;ENS;"LE GAC";Didier;MASCULIN;509;"45,94%";"68,14%";élu;3;RN;DONVAL;Martine;FEMININ;238;"21,48%";"31,86%";;;;;;;;;;;;;;;;;;;
"29";Finistère;"29160";Plabennec;"0005";1112;867;"77,97%";245;"22,03%";824;"74,10%";"95,04%";37;"3,33%";"4,27%";6;"0,54%";"0,69%";2;ENS;"LE GAC";Didier;MASCULIN;618;"55,58%";"75,00%";élu;3;RN;DONVAL;Martine;FEMININ;206;"18,53%";"25,00%";;;;;;;;;;;;;;;;;;;
"29";Finistère;"29160";Plabennec;"0006";1091;740;"67,83%";351;"32,17%";695;"63,70%";"93,92%";35;"3,21%";"4,73%";10;"0,92%";"1,35%";2;ENS;"LE GAC";Didier;MASCULIN;474;"43,45%";"68,20%";élu;3;RN;DONVAL;Martine;FEMININ;221;"20,26%";"31,80%";;;;;;;;;;;;;;;;;;;
"29";Finistère;"29177";Plouarzel;"0001";1309;972;"74,26%";337;"25,74%";924;"70,59%";"95,06%";33;"2,52%";"3,40%";15;"1,15%";"1,54%";2;ENS;"LE GAC";Didier;MASCULIN;650;"49,66%";"70,35%";élu;3;RN;DONVAL;Martine;FEMININ;274;"20,93%";"29,65%";;;;;;;;;;;;;;;;;;;
"29";Finistère;"29177";Plouarzel;"0002";973;761;"78,21%";212;"21,79%";706;"72,56%";"92,77%";48;"4,93%";"6,31%";7;"0,72%";"0,92%";2;ENS;"LE GAC";Didier;MASCULIN;485;"49,85%";"68,70%";élu;3;RN;DONVAL;Martine;FEMININ;221;"22,71%";"31,30%";;;;;;;;;;;;;;;;;;;
"29";Finistère;"29177";Plouarzel;"0003";985;751;"76,24%";234;"23,76%";708;"71,88%";"94,27%";37;"3,76%";"4,93%";6;"0,61%";"0,80%";2;ENS;"LE GAC";Didier;MASCULIN;525;"53,30%";"74,15%";élu;3;RN;DONVAL;Martine;FEMININ;183;"18,58%";"25,85%";;;;;;;;;;;;;;;;;;;
"29";Finistère;"29178";Ploudalmézeau;"0001";914;658;"71,99%";256;"28,01%";617;"67,51%";"93,77%";32;"3,50%";"4,86%";9;"0,98%";"1,37%";2;ENS;"LE GAC";Didier;MASCULIN;359;"39,28%";"58,18%";élu;3;RN;DONVAL;Martine;FEMININ;258;"28,23%";"41,82%";;;;;;;;;;;;;;;;;;;
"29";Finistère;"29178";Ploudalmézeau;"0002";781;524;"67,09%";257;"32,91%";498;"63,76%";"95,04%";22;"2,82%";"4,20%";4;"0,51%";"0,76%";2;ENS;"LE GAC";Didier;MASCULIN;304;"38,92%";"61,04%";élu;3;RN;DONVAL;Martine;FEMININ;194;"24,84%";"38,96%";;;;;;;;;;;;;;;;;;;
"29";Finistère;"29178";Ploudalmézeau;"0003";791;573;"72,44%";218;"27,56%";548;"69,28%";"95,64%";20;"2,53%";"3,49%";5;"0,63%";"0,87%";2;ENS;"LE GAC";Didier;MASCULIN;301;"38,05%";"54,93%";élu;3;RN;DONVAL;Martine;FEMININ;247;"31,23%";"45,07%";;;;;;;;;;;;;;;;;;;
"29";Finistère;"29178";Ploudalmézeau;"0004";906;680;"75,06%";226;"24,94%";648;"71,52%";"95,29%";28;"3,09%";"4,12%";4;"0,44%";"0,59%";2;ENS;"LE GAC";Didier;MASCULIN;388;"42,83%";"59,88%";élu;3;RN;DONVAL;Martine;FEMININ;260;"28,70%";"40,12%";;;;;;;;;;;;;;;;;;;
"29";Finistère;"29178";Ploudalmézeau;"0005";688;506;"73,55%";182;"26,45%";489;"71,08%";"96,64%";15;"2,18%";"2,96%";2;"0,29%";"0,40%";2;ENS;"LE GAC";Didier;MASCULIN;312;"45,35%";"63,80%";élu;3;RN;DONVAL;Martine;FEMININ;177;"25,73%";"36,20%";;;;;;;;;;;;;;;;;;;
"29";Finistère;"29178";Ploudalmézeau;"0006";857;656;"76,55%";201;"23,45%";613;"71,53%";"93,45%";34;"3,97%";"5,18%";9;"1,05%";"1,37%";2;ENS;"LE GAC";Didier;MASCULIN;414;"48,31%";"67,54%";élu;3;RN;DONVAL;Martine;FEMININ;199;"23,22%";"32,46%";;;;;;;;;;;;;;;;;;;
"29";Finistère;"29178";Ploudalmézeau;"0007";705;545;"77,30%";160;"22,70%";517;"73,33%";"94,86%";23;"3,26%";"4,22%";5;"0,71%";"0,92%";2;ENS;"LE GAC";Didier;MASCULIN;380;"53,90%";"73,50%";élu;3;RN;DONVAL;Martine;FEMININ;137;"19,43%";"26,50%";;;;;;;;;;;;;;;;;;;
"29";Finistère;"29190";Plougonvelin;"0001";936;717;"76,60%";219;"23,40%";677;"72,33%";"94,42%";27;"2,88%";"3,77%";13;"1,39%";"1,81%";2;ENS;"LE GAC";Didier;MASCULIN;469;"50,11%";"69,28%";élu;3;RN;DONVAL;Martine;FEMININ;208;"22,22%";"30,72%";;;;;;;;;;;;;;;;;;;
"29";Finistère;"29190";Plougonvelin;"0002";967;734;"75,90%";233;"24,10%";707;"73,11%";"96,32%";24;"2,48%";"3,27%";3;"0,31%";"0,41%";2;ENS;"LE GAC";Didier;MASCULIN;521;"53,88%";"73,69%";élu;3;RN;DONVAL;Martine;FEMININ;186;"19,23%";"26,31%";;;;;;;;;;;;;;;;;;;
"29";Finistère;"29190";Plougonvelin;"0003";954;752;"78,83%";202;"21,17%";719;"75,37%";"95,61%";31;"3,25%";"4,12%";2;"0,21%";"0,27%";2;ENS;"LE GAC";Didier;MASCULIN;543;"56,92%";"75,52%";élu;3;RN;DONVAL;Martine;FEMININ;176;"18,45%";"24,48%";;;;;;;;;;;;;;;;;;;
"29";Finistère;"29190";Plougonvelin;"0004";901;760;"84,35%";141;"15,65%";725;"80,47%";"95,39%";26;"2,89%";"3,42%";9;"1,00%";"1,18%";2;ENS;"LE GAC";Didier;MASCULIN;536;"59,49%";"73,93%";élu;3;RN;DONVAL;Martine;FEMININ;189;"20,98%";"26,07%";;;;;;;;;;;;;;;;;;;
"29";Finistère;"29196";Plouguin;"0001";856;601;"70,21%";255;"29,79%";570;"66,59%";"94,84%";23;"2,69%";"3,83%";8;"0,93%";"1,33%";2;ENS;"LE GAC";Didier;MASCULIN;351;"41,00%";"61,58%";élu;3;RN;DONVAL;Martine;FEMININ;219;"25,58%";"38,42%";;;;;;;;;;;;;;;;;;;
"29";Finistère;"29196";Plouguin;"0002";898;644;"71,71%";254;"28,29%";609;"67,82%";"94,57%";31;"3,45%";"4,81%";4;"0,45%";"0,62%";2;ENS;"LE GAC";Didier;MASCULIN;384;"42,76%";"63,05%";élu;3;RN;DONVAL;Martine;FEMININ;225;"25,06%";"36,95%";;;;;;;;;;;;;;;;;;;
"29";Finistère;"29201";Ploumoguer;"0001";828;595;"71,86%";233;"28,14%";567;"68,48%";"95,29%";17;"2,05%";"2,86%";11;"1,33%";"1,85%";2;ENS;"LE GAC";Didier;MASCULIN;390;"47,10%";"68,78%";élu;3;RN;DONVAL;Martine;FEMININ;177;"21,38%";"31,22%";;;;;;;;;;;;;;;;;;;
"29";Finistère;"29201";Ploumoguer;"0002";816;599;"73,41%";217;"26,59%";571;"69,98%";"95,33%";23;"2,82%";"3,84%";5;"0,61%";"0,83%";2;ENS;"LE GAC";Didier;MASCULIN;381;"46,69%";"66,73%";élu;3;RN;DONVAL;Martine;FEMININ;190;"23,28%";"33,27%";;;;;;;;;;;;;;;;;;;
"29";Finistère;"29208";Plourin;"0001";964;722;"74,90%";242;"25,10%";684;"70,95%";"94,74%";33;"3,42%";"4,57%";5;"0,52%";"0,69%";2;ENS;"LE GAC";Didier;MASCULIN;437;"45,33%";"63,89%";élu;3;RN;DONVAL;Martine;FEMININ;247;"25,62%";"36,11%";;;;;;;;;;;;;;;;;;;
"29";Finistère;"29209";Plouvien;"0001";892;674;"75,56%";218;"24,44%";634;"71,08%";"94,07%";32;"3,59%";"4,75%";8;"0,90%";"1,19%";2;ENS;"LE GAC";Didier;MASCULIN;385;"43,16%";"60,73%";élu;3;RN;DONVAL;Martine;FEMININ;249;"27,91%";"39,27%";;;;;;;;;;;;;;;;;;;
"29";Finistère;"29209";Plouvien;"0002";1054;793;"75,24%";261;"24,76%";748;"70,97%";"94,33%";38;"3,61%";"4,79%";7;"0,66%";"0,88%";2;ENS;"LE GAC";Didier;MASCULIN;466;"44,21%";"62,30%";élu;3;RN;DONVAL;Martine;FEMININ;282;"26,76%";"37,70%";;;;;;;;;;;;;;;;;;;
"29";Finistère;"29209";Plouvien;"0003";1002;729;"72,75%";273;"27,25%";695;"69,36%";"95,34%";27;"2,69%";"3,70%";7;"0,70%";"0,96%";2;ENS;"LE GAC";Didier;MASCULIN;459;"45,81%";"66,04%";élu;3;RN;DONVAL;Martine;FEMININ;236;"23,55%";"33,96%";;;;;;;;;;;;;;;;;;;
"29";Finistère;"29212";Plouzané;"0001";924;644;"69,70%";280;"30,30%";606;"65,58%";"94,10%";25;"2,71%";"3,88%";13;"1,41%";"2,02%";2;ENS;"LE GAC";Didier;MASCULIN;383;"41,45%";"63,20%";élu;3;RN;DONVAL;Martine;FEMININ;223;"24,13%";"36,80%";;;;;;;;;;;;;;;;;;;
"29";Finistère;"29212";Plouzané;"0002";643;461;"71,70%";182;"28,30%";438;"68,12%";"95,01%";17;"2,64%";"3,69%";6;"0,93%";"1,30%";2;ENS;"LE GAC";Didier;MASCULIN;285;"44,32%";"65,07%";élu;3;RN;DONVAL;Martine;FEMININ;153;"23,79%";"34,93%";;;;;;;;;;;;;;;;;;;
"29";Finistère;"29212";Plouzané;"0003";1104;810;"73,37%";294;"26,63%";766;"69,38%";"94,57%";39;"3,53%";"4,81%";5;"0,45%";"0,62%";2;ENS;"LE GAC";Didier;MASCULIN;553;"50,09%";"72,19%";élu;3;RN;DONVAL;Martine;FEMININ;213;"19,29%";"27,81%";;;;;;;;;;;;;;;;;;;
"29";Finistère;"29212";Plouzané;"0004";872;639;"73,28%";233;"26,72%";605;"69,38%";"94,68%";28;"3,21%";"4,38%";6;"0,69%";"0,94%";2;ENS;"LE GAC";Didier;MASCULIN;437;"50,11%";"72,23%";élu;3;RN;DONVAL;Martine;FEMININ;168;"19,27%";"27,77%";;;;;;;;;;;;;;;;;;;
"29";Finistère;"29212";Plouzané;"0005";867;625;"72,09%";242;"27,91%";585;"67,47%";"93,60%";29;"3,34%";"4,64%";11;"1,27%";"1,76%";2;ENS;"LE GAC";Didier;MASCULIN;437;"50,40%";"74,70%";élu;3;RN;DONVAL;Martine;FEMININ;148;"17,07%";"25,30%";;;;;;;;;;;;;;;;;;;
"29";Finistère;"29212";Plouzané;"0006";963;735;"76,32%";228;"23,68%";713;"74,04%";"97,01%";18;"1,87%";"2,45%";4;"0,42%";"0,54%";2;ENS;"LE GAC";Didier;MASCULIN;499;"51,82%";"69,99%";élu;3;RN;DONVAL;Martine;FEMININ;214;"22,22%";"30,01%";;;;;;;;;;;;;;;;;;;
"29";Finistère;"29212";Plouzané;"0007";877;674;"76,85%";203;"23,15%";635;"72,41%";"94,21%";32;"3,65%";"4,75%";7;"0,80%";"1,04%";2;ENS;"LE GAC";Didier;MASCULIN;442;"50,40%";"69,61%";élu;3;RN;DONVAL;Martine;FEMININ;193;"22,01%";"30,39%";;;;;;;;;;;;;;;;;;;
"29";Finistère;"29212";Plouzané;"0008";668;490;"73,35%";178;"26,65%";455;"68,11%";"92,86%";33;"4,94%";"6,73%";2;"0,30%";"0,41%";2;ENS;"LE GAC";Didier;MASCULIN;311;"46,56%";"68,35%";élu;3;RN;DONVAL;Martine;FEMININ;144;"21,56%";"31,65%";;;;;;;;;;;;;;;;;;;
"29";Finistère;"29212";Plouzané;"0009";786;589;"74,94%";197;"25,06%";560;"71,25%";"95,08%";25;"3,18%";"4,24%";4;"0,51%";"0,68%";2;ENS;"LE GAC";Didier;MASCULIN;387;"49,24%";"69,11%";élu;3;RN;DONVAL;Martine;FEMININ;173;"22,01%";"30,89%";;;;;;;;;;;;;;;;;;;
"29";Finistère;"29212";Plouzané;"0010";944;696;"73,73%";248;"26,27%";652;"69,07%";"93,68%";38;"4,03%";"5,46%";6;"0,64%";"0,86%";2;ENS;"LE GAC";Didier;MASCULIN;453;"47,99%";"69,48%";élu;3;RN;DONVAL;Martine;FEMININ;199;"21,08%";"30,52%";;;;;;;;;;;;;;;;;;;
"29";Finistère;"29212";Plouzané;"0011";798;548;"68,67%";250;"31,33%";516;"64,66%";"94,16%";22;"2,76%";"4,01%";10;"1,25%";"1,82%";2;ENS;"LE GAC";Didier;MASCULIN;367;"45,99%";"71,12%";élu;3;RN;DONVAL;Martine;FEMININ;149;"18,67%";"28,88%";;;;;;;;;;;;;;;;;;;
"29";Finistère;"29212";Plouzané;"0012";721;567;"78,64%";154;"21,36%";529;"73,37%";"93,30%";33;"4,58%";"5,82%";5;"0,69%";"0,88%";2;ENS;"LE GAC";Didier;MASCULIN;380;"52,70%";"71,83%";élu;3;RN;DONVAL;Martine;FEMININ;149;"20,67%";"28,17%";;;;;;;;;;;;;;;;;;;
"29";Finistère;"29221";Porspoder;"0001";826;654;"79,18%";172;"20,82%";623;"75,42%";"95,26%";25;"3,03%";"3,82%";6;"0,73%";"0,92%";2;ENS;"LE GAC";Didier;MASCULIN;464;"56,17%";"74,48%";élu;3;RN;DONVAL;Martine;FEMININ;159;"19,25%";"25,52%";;;;;;;;;;;;;;;;;;;
"29";Finistère;"29221";Porspoder;"0002";857;662;"77,25%";195;"22,75%";629;"73,40%";"95,02%";28;"3,27%";"4,23%";5;"0,58%";"0,76%";2;ENS;"LE GAC";Didier;MASCULIN;449;"52,39%";"71,38%";élu;3;RN;DONVAL;Martine;FEMININ;180;"21,00%";"28,62%";;;;;;;;;;;;;;;;;;;
"29";Finistère;"29257";"Saint-Pabu";"0001";1069;788;"73,71%";281;"26,29%";745;"69,69%";"94,54%";42;"3,93%";"5,33%";1;"0,09%";"0,13%";2;ENS;"LE GAC";Didier;MASCULIN;513;"47,99%";"68,86%";élu;3;RN;DONVAL;Martine;FEMININ;232;"21,70%";"31,14%";;;;;;;;;;;;;;;;;;;
"29";Finistère;"29257";"Saint-Pabu";"0002";778;574;"73,78%";204;"26,22%";532;"68,38%";"92,68%";40;"5,14%";"6,97%";2;"0,26%";"0,35%";2;ENS;"LE GAC";Didier;MASCULIN;371;"47,69%";"69,74%";élu;3;RN;DONVAL;Martine;FEMININ;161;"20,69%";"30,26%";;;;;;;;;;;;;;;;;;;
"29";Finistère;"29260";"Saint-Renan";"0001";805;576;"71,55%";229;"28,45%";555;"68,94%";"96,35%";16;"1,99%";"2,78%";5;"0,62%";"0,87%";2;ENS;"LE GAC";Didier;MASCULIN;428;"53,17%";"77,12%";élu;3;RN;DONVAL;Martine;FEMININ;127;"15,78%";"22,88%";;;;;;;;;;;;;;;;;;;
"29";Finistère;"29260";"Saint-Renan";"0002";840;567;"67,50%";273;"32,50%";537;"63,93%";"94,71%";25;"2,98%";"4,41%";5;"0,60%";"0,88%";2;ENS;"LE GAC";Didier;MASCULIN;379;"45,12%";"70,58%";élu;3;RN;DONVAL;Martine;FEMININ;158;"18,81%";"29,42%";;;;;;;;;;;;;;;;;;;
"29";Finistère;"29260";"Saint-Renan";"0003";1084;834;"76,94%";250;"23,06%";792;"73,06%";"94,96%";32;"2,95%";"3,84%";10;"0,92%";"1,20%";2;ENS;"LE GAC";Didier;MASCULIN;564;"52,03%";"71,21%";élu;3;RN;DONVAL;Martine;FEMININ;228;"21,03%";"28,79%";;;;;;;;;;;;;;;;;;;
"29";Finistère;"29260";"Saint-Renan";"0004";888;649;"73,09%";239;"26,91%";618;"69,59%";"95,22%";28;"3,15%";"4,31%";3;"0,34%";"0,46%";2;ENS;"LE GAC";Didier;MASCULIN;457;"51,46%";"73,95%";élu;3;RN;DONVAL;Martine;FEMININ;161;"18,13%";"26,05%";;;;;;;;;;;;;;;;;;;
"29";Finistère;"29260";"Saint-Renan";"0005";809;587;"72,56%";222;"27,44%";558;"68,97%";"95,06%";24;"2,97%";"4,09%";5;"0,62%";"0,85%";2;ENS;"LE GAC";Didier;MASCULIN;401;"49,57%";"71,86%";élu;3;RN;DONVAL;Martine;FEMININ;157;"19,41%";"28,14%";;;;;;;;;;;;;;;;;;;
"29";Finistère;"29260";"Saint-Renan";"0006";724;518;"71,55%";206;"28,45%";498;"68,78%";"96,14%";17;"2,35%";"3,28%";3;"0,41%";"0,58%";2;ENS;"LE GAC";Didier;MASCULIN;323;"44,61%";"64,86%";élu;3;RN;DONVAL;Martine;FEMININ;175;"24,17%";"35,14%";;;;;;;;;;;;;;;;;;;
"29";Finistère;"29260";"Saint-Renan";"0007";732;544;"74,32%";188;"25,68%";527;"71,99%";"96,88%";13;"1,78%";"2,39%";4;"0,55%";"0,74%";2;ENS;"LE GAC";Didier;MASCULIN;371;"50,68%";"70,40%";élu;3;RN;DONVAL;Martine;FEMININ;156;"21,31%";"29,60%";;;;;;;;;;;;;;;;;;;
"29";Finistère;"29260";"Saint-Renan";"0008";921;662;"71,88%";259;"28,12%";628;"68,19%";"94,86%";25;"2,71%";"3,78%";9;"0,98%";"1,36%";2;ENS;"LE GAC";Didier;MASCULIN;450;"48,86%";"71,66%";élu;3;RN;DONVAL;Martine;FEMININ;178;"19,33%";"28,34%";;;;;;;;;;;;;;;;;;;
"29";Finistère;"29282";Trébabu;"0001";310;249;"80,32%";61;"19,68%";232;"74,84%";"93,17%";17;"5,48%";"6,83%";0;"0,00%";"0,00%";2;ENS;"LE GAC";Didier;MASCULIN;161;"51,94%";"69,40%";élu;3;RN;DONVAL;Martine;FEMININ;71;"22,90%";"30,60%";;;;;;;;;;;;;;;;;;;
"29";Finistère;"29299";Tréouergat;"0001";238;182;"76,47%";56;"23,53%";171;"71,85%";"93,96%";10;"4,20%";"5,49%";1;"0,42%";"0,55%";2;ENS;"LE GAC";Didier;MASCULIN;124;"52,10%";"72,51%";élu;3;RN;DONVAL;Martine;FEMININ;47;"19,75%";"27,49%";;;;;;;;;;;;;;;;;;;
